OBJECTID,NAME,ZONE_TYPE,REGULATION,AREA,MIN_ALL,MAX_ALL,RANGE_ALL,MEAN_ALL,STD_ALL,SUM_ALL,MEDIAN_ALL,PCT90_ALL,PCT10_ALL,MIN_INV,MAX_INV,RANGE_INV,MEAN_INV,STD_INV,SUM_INV,MEDIAN_INV,PCT90_INV,PCT10_INV,MIN_SCA,MAX_SCA,RANGE_SCA,MEAN_SCA,STD_SCA,SUM_SCA,MEDIAN_SCA,PCT90_SCA,PCT10_SCA
1,Eastern Sambo Special Use Area,ROA,Transit Only,624550,0.080536142,0.967016578,0.886480436,0.681232891,0.228767978,17018.56009,0.768701226,0.921976721,0.326571873,0.073888302,0.944606006,0.870717704,0.662626185,0.208916946,16553.72736,0.720130265,0.908335865,0.353170088,0.084968038,0.990763664,0.905795626,0.693637361,0.244659238,17328.44856,0.801555991,0.935320878,0.300089464
2,Looe Key Special Use Area,ROA,Transit Only,599675,0.06869024,0.992162228,0.923471987,0.246094237,0.2151292,5903.062455,0.156560421,0.675692415,0.098386055,0.051527448,0.986073971,0.934546523,0.268621287,0.206686794,6443.418804,0.191931009,0.652542138,0.100106773,0.069415435,0.99703604,0.927620605,0.231076204,0.223748744,5542.824894,0.132699966,0.691933203,0.096662001
3,Conch Reef Special Use Area,ROA,Transit Only,48325,0.051877748,0.745284379,0.69340663,0.363788183,0.236975979,703.2025569,0.222575143,0.679197609,0.110065268,0.040943772,0.608016491,0.567072719,0.297107315,0.170257029,574.3084407,0.20683451,0.534113395,0.110202684,0.059167068,0.882270336,0.823103268,0.408242094,0.283746704,789.1319677,0.230867669,0.781537342,0.110764456
4,Tennessee Reef Special Use Area,ROA,Transit Only,478025,0.072033957,0.914673209,0.842639253,0.448332315,0.309364981,8572.562196,0.340342581,0.851706207,0.111283198,0.071438804,0.900673509,0.829234704,0.457449917,0.277685703,8746.899864,0.392944515,0.816563487,0.133806497,0.06531927,0.942990005,0.877670735,0.442253913,0.331771484,8456.337078,0.293542325,0.877681017,0.095540397
5,Sand Key Sanctuary Preservation Area,SPA,Sanctuary Preservation Area,1029975,0.078196459,0.988556027,0.910359569,0.529675207,0.279616895,21822.08884,0.44114241,0.899148488,0.188290676,0.05636625,0.987862468,0.931496218,0.525445731,0.237383648,21647.83865,0.495879501,0.854425001,0.220949697,0.079859905,0.995305002,0.915445097,0.532494857,0.312087204,21938.25563,0.404059678,0.934571874,0.16420173
6,Rock Key Sanctuary Preservation Area,SPA,Sanctuary Preservation Area,268800,0.104075082,0.988133013,0.884057932,0.822564308,0.169480588,8844.21144,0.887611002,0.957797498,0.542199773,0.080306098,0.975471973,0.895165876,0.777303743,0.169953275,8357.569841,0.83510676,0.934748411,0.46323545,0.119921066,0.997377992,0.877456926,0.852738019,0.172500446,9168.639177,0.923654348,0.974046272,0.597587138
7,Eastern Dry Rocks Sanctuary Preservation Area,SPA,Sanctuary Preservation Area,367850,0.100030802,0.983039796,0.883008994,0.74576825,0.215883331,10973.23403,0.83159709,0.96128183,0.428979471,0.09551125,0.981821001,0.88630975,0.728748674,0.197761552,10722.80799,0.779264003,0.94415338,0.447863537,0.096375935,0.994423985,0.898048051,0.757114634,0.232696071,11140.18473,0.864924669,0.974230486,0.390441114
8,Looe Key Sanctuary Preservation Area,SPA,Sanctuary Preservation Area,1514825,0.078249723,0.964245617,0.885995895,0.437083485,0.273856952,26484.19961,0.317544788,0.89476254,0.162051523,0.066496849,0.929388523,0.862891674,0.429947818,0.244291948,26051.82812,0.333377004,0.851850116,0.178938204,0.07842283,0.994210005,0.915787175,0.441840597,0.296397725,26772.44729,0.306230664,0.926031256,0.14586325
9,Sombrero Key Sanctuary Preservation Area,SPA,Sanctuary Preservation Area,676300,0.081750222,0.959928632,0.87817841,0.637912026,0.248268861,17256.79611,0.749435991,0.864997721,0.234787926,0.071000151,0.921589017,0.850588866,0.615832716,0.221337007,16659.50662,0.703531772,0.829039496,0.270044556,0.079606935,0.992027998,0.912421063,0.652631565,0.267936434,17654.98911,0.777706832,0.895455176,0.204076667
10,Coffins Patch Sanctuary Preservation Area,SPA,Sanctuary Preservation Area,1003500,0.069923081,0.992080986,0.922157906,0.330832823,0.262508978,13279.62951,0.212765723,0.849452811,0.125652404,0.0545079,0.983152509,0.928644609,0.337862892,0.24176027,13561.81649,0.244732991,0.801349497,0.129409748,0.074679933,0.998879313,0.92419938,0.32614611,0.278303072,13091.50486,0.191371664,0.879502493,0.120623429
11,Alligator Reef Sanctuary Preservation Area,SPA,Sanctuary Preservation Area,836200,0.091693401,0.951261401,0.859568,0.597690789,0.271529331,19991.5615,0.693672419,0.892955077,0.200462738,0.068876252,0.919219017,0.850342765,0.564760337,0.238362809,18890.10375,0.626398236,0.833751154,0.224474697,0.096480668,0.992279351,0.895798683,0.619644423,0.295423141,20725.86666,0.740851671,0.931524533,0.185537069
12,Cheeca Rocks Sanctuary Preservation Area,SPA,Sanctuary Preservation Area,184650,0.084526002,0.992677212,0.908151209,0.525047384,0.241427374,3877.999976,0.507897288,0.951834202,0.160757199,0.098603845,0.987705469,0.889101624,0.505301296,0.236745893,3732.155374,0.453074485,0.961039007,0.22439725,0.072933562,0.997346342,0.92441278,0.538211442,0.253373014,3975.22971,0.554744184,0.945481658,0.118186314
13,Hen and Chickens Sanctuary Preservation Area,SPA,Sanctuary Preservation Area,428400,0.068023175,0.990830421,0.922807246,0.280054487,0.273649588,4799.013685,0.142425701,0.908253312,0.097322591,0.078887254,0.980993032,0.902105778,0.307099603,0.262357039,5262.458797,0.190645501,0.913243234,0.114378996,0.059262399,0.99769038,0.938427981,0.262024409,0.28356188,4490.050278,0.110383082,0.902718812,0.085351098
14,Davis Reef Sanctuary Preservation Area,SPA,Sanctuary Preservation Area,356025,0.077792101,0.898848772,0.821056671,0.536450412,0.224554912,7639.590314,0.585614979,0.805895627,0.187751397,0.085639298,0.85522747,0.769588172,0.504483846,0.195513162,7184.354453,0.536871493,0.749042034,0.228799999,0.069561005,0.960078955,0.89051795,0.557761456,0.24820191,7943.080895,0.618720651,0.840964019,0.159208134
15,Conch Reef Sanctuary Preservation Area,SPA,Sanctuary Preservation Area,438275,0.050058801,0.917940199,0.867881399,0.566326214,0.286025409,9928.264861,0.681872427,0.863476634,0.120062843,0.036206149,0.850412488,0.814206339,0.48685295,0.248048128,8535.019061,0.5204615,0.789746523,0.123994648,0.0592939,0.977000654,0.917706754,0.61930839,0.316878145,10857.09539,0.785499692,0.920053661,0.116450727
16,Molasses Reef Sanctuary Preservation Area,SPA,Sanctuary Preservation Area,1000925,0.079547219,0.910176992,0.830629773,0.617256745,0.239782054,24713.10828,0.706377208,0.860312605,0.219938561,0.051139548,0.838389993,0.787250444,0.547318908,0.216871279,21913.00713,0.609308004,0.801091933,0.210511506,0.089549698,0.965270996,0.875721298,0.663881969,0.257817418,26579.84238,0.768119991,0.907174671,0.21561487
17,French Reef Sanctuary Preservation Area,SPA,Sanctuary Preservation Area,484025,0.149956986,0.881232798,0.731275812,0.693530789,0.142143099,13427.44961,0.736344814,0.838719606,0.464037001,0.134866506,0.81774497,0.682878464,0.605539371,0.145506019,11723.84776,0.635882974,0.76861155,0.382322997,0.134093642,0.953641653,0.819548011,0.752191735,0.142981119,14563.18419,0.800226629,0.890072644,0.522609353
18,Grecian Rocks Sanctuary Preservation Area,SPA,Sanctuary Preservation Area,431150,0.049495921,0.97774142,0.9282455,0.445853028,0.34317777,7689.181323,0.274100199,0.941084802,0.085850727,0.03820765,0.961408019,0.923200369,0.415775537,0.318357463,7170.464903,0.253208235,0.90362078,0.086046346,0.057021432,0.991056323,0.934034891,0.465904689,0.361279123,8034.992272,0.284378171,0.968620837,0.083027165
19,Key Largo Dry Rocks Sanctuary Preservation Area,SPA,Sanctuary Preservation Area,205650,0.0484492,0.966910362,0.918461163,0.403608649,0.352607836,3320.084748,0.225629702,0.94542259,0.077038299,0.033203602,0.94026196,0.907058358,0.374604515,0.327813986,3081.496741,0.203496747,0.905056745,0.074686348,0.055985268,0.995869339,0.93988407,0.422944739,0.37078306,3479.143421,0.240140989,0.974941671,0.077716149
20,The Elbow Sanctuary Preservation Area,SPA,Sanctuary Preservation Area,1034025,0.058829181,0.932327211,0.87349803,0.495795037,0.259719986,20506.57853,0.551045418,0.811662018,0.130250782,0.053520098,0.913622499,0.8601024,0.440326873,0.218459356,18212.3598,0.452221513,0.740464449,0.14864099,0.062368564,0.949277699,0.886909135,0.532773813,0.290562156,22036.05769,0.617311656,0.862847686,0.117059998
21,Carysfort Reef Sanctuary Preservation Area,SPA,Sanctuary Preservation Area,5225225,0.036156654,0.958759606,0.922602952,0.480751746,0.288150714,100481.4417,0.549468994,0.833470821,0.124460745,0.024416249,0.934594035,0.910177786,0.434873069,0.249172058,90892.38533,0.427338481,0.768479872,0.129306802,0.041014999,0.985001028,0.943986028,0.511337531,0.31838296,106874.146,0.619682312,0.879734194,0.118538968
22,Newfound Harbor Key Sanctuary Preservation Area,SPA,Sanctuary Preservation Area,432450,0.063512422,0.992954791,0.929442368,0.512955229,0.17063576,8873.099552,0.496538103,0.721858847,0.302105966,0.049157448,0.99270153,0.943544082,0.487720764,0.167324358,8436.593783,0.464409232,0.693752265,0.305347744,0.073082402,0.994916022,0.921833619,0.529778206,0.177713604,9164.1034,0.51948151,0.745462459,0.255096897
23,Woman Key Wildlife Management Area,WMA,No Entry,33325,0.158015803,0.704107404,0.546091601,0.484316546,0.11455386,645.5939557,0.486771971,0.643526125,0.321705353,0.262918502,0.998983979,0.736065477,0.798349321,0.156061738,1064.199646,0.827010989,0.980022848,0.568905723,0.087486833,0.537059307,0.449572474,0.274961363,0.109201058,366.5234968,0.25506568,0.452006197,0.14704335
24,West Content Keys Wildlife Management Area,WMA,No Access,187950,0.116690323,0.663222015,0.546531692,0.286364366,0.134555274,2152.887303,0.234564707,0.52114622,0.159330149,0.129925504,0.98228699,0.852361485,0.459749262,0.188791218,3456.394948,0.399465755,0.77828353,0.273932701,0.057305701,0.498241782,0.440936081,0.170774435,0.104612115,1283.882206,0.119443014,0.347180152,0.078411241
25,West Content Keys Wildlife Management Area,WMA,Idle Speed,208200,0.117688261,0.674933016,0.557244755,0.349577804,0.156755544,2911.283954,0.325750351,0.585400802,0.161787498,0.159672007,0.996215463,0.836543456,0.584140513,0.2340506,4864.722195,0.571048021,0.924583542,0.290261102,0.051835433,0.529075325,0.477239892,0.193202665,0.114940206,1608.991791,0.154192179,0.382055709,0.074132586
26,Upper Harbor Key Wildlife Management Area,WMA,No Access,124675,0.140878066,0.730400622,0.589522555,0.377919654,0.161785071,1884.685314,0.340363115,0.614565897,0.186046869,0.107609555,0.99840796,0.890798405,0.589827698,0.239849807,2941.47073,0.5537045,0.924204993,0.300289702,0.055301733,0.558668017,0.503366284,0.236647624,0.134356072,1180.161701,0.22055997,0.432700884,0.081955275
27,Flat South Marvin Key Wildlife Management Area,WMA,No Access,84500,0.156769067,0.667141616,0.510372549,0.367955929,0.158442168,1243.69104,0.345665723,0.60117563,0.184853236,0.135611504,0.998697996,0.863086492,0.559356516,0.304812463,1890.625023,0.614055753,0.959446949,0.164555897,0.064845867,0.447159648,0.38231378,0.240355538,0.083262483,812.4017175,0.208658449,0.374573374,0.149472703
28,Tavernier Key Wildlife Management Area,WMA,No Motor,3126050,0.074277878,0.91074717,0.836469293,0.220769228,0.13963675,27605.4258,0.173847578,0.397318441,0.112989666,0.081643097,0.998288989,0.916645892,0.33585216,0.185168691,41995.62578,0.277166754,0.614726138,0.157576601,0.054290034,0.90290463,0.848614596,0.144047273,0.127235252,18011.95915,0.100999199,0.259311503,0.079302319
29,Tavernier Key Wildlife Management Area,WMA,No Motor,985400,0.067094341,0.914696574,0.847602233,0.270976556,0.174038724,10680.81191,0.201250263,0.511566788,0.123724271,0.066616297,0.999476492,0.932860196,0.39048858,0.216291403,15391.49787,0.319426268,0.733336031,0.177457243,0.064254329,0.915599704,0.851345375,0.191301872,0.157794862,7540.354606,0.114735585,0.377894163,0.085832715
30,Snipe Keys Wildlife Management Area,WMA,Idle Speed,88225,0.164845377,0.729895771,0.565050393,0.516399635,0.109639788,1822.374311,0.532134831,0.650968242,0.352259386,0.1158043,0.99230051,0.876496211,0.659434093,0.177496483,2327.142915,0.662309527,0.892669201,0.427789015,0.077747263,0.598488986,0.520741723,0.42104333,0.110207284,1485.861911,0.449833333,0.541498542,0.244518062
31,Snipe Keys Wildlife Management Area,WMA,No Motor,24675,0.199360251,0.730667174,0.531306922,0.563791302,0.110635765,556.4620151,0.592130005,0.674081922,0.390120643,0.204202503,0.996890008,0.792687505,0.742261882,0.155877052,732.6124773,0.774693012,0.898889291,0.557472777,0.169863567,0.590067327,0.42020376,0.444810918,0.101439112,439.0283758,0.46976307,0.549063671,0.272275823
32,Snipe Keys Wildlife Management Area,WMA,No Motor,704125,0.174148127,0.742147624,0.567999497,0.515972493,0.159388362,14532.36525,0.579630733,0.681443942,0.251158208,0.139427498,0.99991852,0.860491022,0.680195672,0.227974044,19157.7111,0.75207305,0.919133496,0.295051408,0.097780533,0.609770298,0.511989765,0.406490373,0.129939421,11448.80135,0.442025959,0.556218886,0.220339489
33,Snake Creek Wildlife Management Area,WMA,No Motor,1095525,0.06960956,0.869914174,0.800304614,0.279296488,0.126093783,12239.05139,0.248332322,0.458328396,0.145544946,0.079042956,0.99990952,0.920866564,0.481887115,0.220850065,21116.77528,0.434942007,0.811225533,0.228752002,0.040592968,0.796090007,0.755497038,0.144236069,0.075050528,6320.568801,0.116811931,0.244386002,0.085815132
34,Sawyer Key Wildlife Management Area,WMA,No Entry,403275,0.151071221,0.849835575,0.698764354,0.445554035,0.148068291,7187.232142,0.44252345,0.640339971,0.24665989,0.123099498,0.99999702,0.876897521,0.689974397,0.210843166,11129.977,0.720576525,0.955863953,0.384825498,0.068846695,0.749732316,0.68088562,0.282607127,0.125687944,4558.735573,0.265914261,0.445280313,0.120605797
35,Rodriguez Key Wildlife Management Area,WMA,No Motor,1737475,0.063608497,0.678196788,0.61458829,0.219257782,0.109506186,15238.19661,0.189223424,0.361033869,0.115514229,0.0776719,0.995360494,0.917688593,0.348923076,0.181698858,24249.80486,0.294021487,0.608685923,0.168954396,0.053378668,0.580990016,0.527611349,0.132814253,0.08193461,9230.457768,0.092152297,0.256193286,0.071278079
36,Pelican Shoal Wildlife Management Area,WMA,No Access,15650,0.282094419,0.951821387,0.669726968,0.786886425,0.110851315,492.5909019,0.805025101,0.902273387,0.670401394,0.324340522,0.992295504,0.667954981,0.795012018,0.111722863,497.677523,0.787653029,0.936372012,0.684838742,0.253037006,0.939172328,0.686135322,0.781469365,0.118977067,489.1998224,0.814547509,0.889680982,0.637691498
37,Mud Keys Wildlife Management Area,WMA,Idle Speed,26025,0.183380008,0.735691011,0.552311003,0.528476275,0.099621635,550.1438021,0.535236716,0.650298774,0.408517063,0.151904494,0.991632998,0.839728504,0.668974769,0.183708317,696.402735,0.687687039,0.900800467,0.447284013,0.142483667,0.577017009,0.434533343,0.434810611,0.084828184,452.6378457,0.447499335,0.537817955,0.310388893
38,Mud Keys Wildlife Management Area,WMA,Idle Speed,25475,0.194848254,0.715110004,0.52026175,0.522731719,0.096381161,532.6636212,0.543787241,0.625518227,0.38836078,0.153381497,0.957564473,0.804182976,0.637254106,0.151269736,649.361934,0.631053507,0.8274369,0.448835897,0.136277899,0.577927589,0.44164969,0.44638346,0.093503014,454.8647458,0.46814099,0.549651623,0.298761606
39,Mud Keys Wildlife Management Area,WMA,No Entry,73825,0.225938797,0.731707573,0.505768776,0.568093156,0.077023053,1677.57909,0.571319222,0.661675572,0.475166512,0.196319491,0.991494536,0.795175046,0.722024749,0.143136138,2132.139084,0.747761488,0.892615736,0.53689599,0.142401338,0.601018667,0.45861733,0.465472095,0.080033884,1374.539095,0.485915005,0.54942199,0.341393769
40,Marquesas Keys Wildlife Management Area,WMA,Idle Speed,24550,0.168308914,0.707923412,0.539614499,0.455013767,0.120920555,446.8235187,0.453356132,0.617731923,0.279071036,0.256962001,0.995133996,0.738171995,0.706452849,0.167314806,693.7366975,0.725149751,0.927817762,0.46555081,0.078477867,0.531066656,0.452588789,0.28738771,0.10966035,282.2147317,0.262491733,0.454448617,0.159816657
41,Marquesas Keys Wildlife Management Area,WMA,No Access,81150,0.176923305,0.711274207,0.534350902,0.463527293,0.138897537,1504.609593,0.464188829,0.652583778,0.286214694,0.140262499,0.999683976,0.859421477,0.743309447,0.194517444,2412.782466,0.751570761,0.982925236,0.491484761,0.078971766,0.542545319,0.463573553,0.277005856,0.128613672,899.1610085,0.265980765,0.449660987,0.112296168
42,Marquesas Keys Wildlife Management Area,WMA,No Motor,89425,0.194933236,0.708097994,0.513164759,0.446823761,0.125503758,1598.288592,0.437036693,0.622874582,0.284720516,0.195718005,0.998163462,0.802445456,0.74753107,0.163383813,2673.918638,0.755515993,0.956493211,0.523755109,0.0771126,0.539169669,0.462057069,0.246352222,0.117593826,881.2018976,0.221580923,0.418648767,0.113353565
43,Marquesas Keys Wildlife Management Area,WMA,No Motor,48300,0.214467838,0.687061191,0.472593352,0.407082323,0.129600692,786.4830484,0.370851323,0.611287457,0.259332433,0.290966988,0.998839021,0.707872033,0.717557642,0.174641663,1386.321364,0.69096002,0.971765971,0.499783489,0.074170664,0.482950658,0.408779994,0.200098778,0.109402081,386.5908382,0.150622904,0.387361526,0.096657937
44,Lower Harbor Keys Wildlife Management Area,WMA,Idle Speed,6550,0.269912571,0.744948804,0.475036234,0.606582927,0.098773836,158.9247268,0.624694377,0.714646059,0.473918274,0.260397017,0.999902964,0.739505947,0.81037003,0.18052234,212.3169479,0.911203206,0.993383241,0.566931856,0.163270697,0.591578007,0.42830731,0.470724855,0.091155673,123.329912,0.489811674,0.562283403,0.330728239
45,Lower Harbor Keys Wildlife Management Area,WMA,Idle Speed,89325,0.194199517,0.74696517,0.552765653,0.523781503,0.120013658,1871.471311,0.55091083,0.656911826,0.336224264,0.178557992,0.999660492,0.8211025,0.76694561,0.182626398,2740.296664,0.806032002,0.966791511,0.489916199,0.101196967,0.626620352,0.525423385,0.361672099,0.117450147,1292.254408,0.364298344,0.521903217,0.210343549
46,Lower Harbor Keys Wildlife Management Area,WMA,Idle Speed,45725,0.109727159,0.759499609,0.64977245,0.497073907,0.112532096,909.1481761,0.512058616,0.636029828,0.344646537,0.166948497,0.999250531,0.832302034,0.714048081,0.148615396,1305.99394,0.714965463,0.914222789,0.525082803,0.071579598,0.599665701,0.528086103,0.352424458,0.114134529,644.584333,0.36000067,0.51053468,0.187996584
47,Litle Crane Key Wildlife Management Area,WMA,No Access,57950,0.063364021,0.931882977,0.868518956,0.256943587,0.201592352,595.5952336,0.195218056,0.649952954,0.099903007,0.069374651,0.948078036,0.878703386,0.312764433,0.205844191,724.9879568,0.261091754,0.721777284,0.126939811,0.058131598,0.930509984,0.872378387,0.219729689,0.201104712,509.333418,0.148400165,0.592640853,0.080306722
48,Little Mullet Key Wildlife Management Area,WMA,No Access,166825,0.160799459,0.723937392,0.563137934,0.391187284,0.151832779,2610.392749,0.363451213,0.610737586,0.193810812,0.123729996,0.995862007,0.872132011,0.578682275,0.240644109,3861.546822,0.594218016,0.876378965,0.182452407,0.074056633,0.551384687,0.477328055,0.266190624,0.124520855,1776.290033,0.215047359,0.455265433,0.129249886
49,Horseshoe Keys Wildlife Management Area,WMA,No Access,848050,0.138549075,0.733042777,0.594493702,0.33223821,0.122663114,11270.18455,0.302237302,0.521215373,0.195902619,0.07440345,0.997861505,0.923458055,0.501586002,0.251103043,17014.80035,0.493779242,0.84489817,0.1801579,0.045481499,0.560433328,0.514951829,0.219339682,0.084176924,7440.440676,0.220600784,0.337670776,0.096978033
50,East Harbor Keys Wildlife Management Area,WMA,No Access,70725,0.193239912,0.714635789,0.521395877,0.473718367,0.127114745,1340.149261,0.46382907,0.650783825,0.306833702,0.160982996,0.999160528,0.838177532,0.752804373,0.169211502,2129.683571,0.772388458,0.962498689,0.527570605,0.084662698,0.576920152,0.492257454,0.28766103,0.136807802,813.7930537,0.251770437,0.482314533,0.130337045
51,Eastern Lake Surprise Wildlife Management Area,WMA,Idle Speed,1129450,0.052827593,0.651023626,0.598196033,0.260834807,0.124444664,11783.99493,0.233296931,0.445887837,0.123774686,0.120215505,0.99999249,0.879776984,0.521416021,0.222251746,23556.53299,0.484474018,0.867519331,0.250482664,0.007381127,0.418381333,0.411000207,0.087113999,0.069246412,3935.636233,0.067298915,0.16984428,0.02642298
52,East Content Keys Wildlife Management Area,WMA,Idle Speed,77500,0.163021088,0.680449784,0.517428696,0.407852853,0.139135097,1264.343844,0.392438784,0.617637849,0.2234607,0.138236195,0.9987005,0.860464305,0.619409099,0.23065216,1920.168207,0.625996023,0.955626655,0.264151964,0.076532602,0.531488657,0.454956055,0.266815356,0.099506936,827.1276036,0.245182134,0.411561435,0.142001255
53,Dove Key Wildlife Management Area,WMA,No Entry,348925,0.082501397,0.742209613,0.659708217,0.323147463,0.139037785,4510.169143,0.320444763,0.505489552,0.151945052,0.066437401,0.985943019,0.919505619,0.520956444,0.195871568,7270.989083,0.523386002,0.780433607,0.269247711,0.049813431,0.600896358,0.551082928,0.19127481,0.117024139,2669.622518,0.150760904,0.346697992,0.068709409
54,Crocodile Lake Wildlife Management Area,WMA,No Access,631575,0.082430646,0.700747788,0.618317142,0.414516697,0.112416514,10471.93532,0.419920892,0.573619056,0.261930847,0.142767504,1,0.857232496,0.811748349,0.170209894,20507.19853,0.861803055,0.987354314,0.556863022,0.011260143,0.501247346,0.489987203,0.149695596,0.089093243,3781.759841,0.124602363,0.301281977,0.051137246
55,Crocodile Lake Wildlife Management Area,WMA,No Access,64450,0.070113383,0.63584286,0.565729477,0.432305263,0.118928328,1114.482969,0.428864375,0.591942918,0.271046221,0.162936494,0.999988496,0.837052003,0.834818082,0.1596023,2152.161014,0.872247219,0.994409746,0.596163583,0.00823131,0.393124044,0.384892734,0.163963385,0.101664152,422.6976062,0.134838648,0.325777712,0.048762633
56,Cottrell Key Wildlife Management Area,WMA,No Motor,365275,0.160082027,0.717565596,0.557483569,0.385735129,0.161029147,5635.975964,0.381044865,0.609157801,0.175617367,0.111055151,0.997010469,0.885955319,0.55579365,0.277819094,8120.701021,0.618151546,0.885756493,0.138757005,0.082944602,0.583697975,0.500753373,0.272362781,0.111083994,3979.49259,0.223029673,0.445230991,0.154699638
57,Cotton Key Wildlife Management Area,WMA,No Motor,395325,0.104182221,0.688215375,0.584033154,0.375205886,0.116212286,5933.130682,0.358747065,0.55040282,0.234656274,0.169161499,0.999950528,0.83078903,0.685714364,0.182074233,10843.20124,0.686189532,0.945945215,0.435157412,0.051675066,0.485506326,0.43383126,0.168200235,0.081181488,2659.750313,0.141236171,0.29418999,0.095961779
58,Cayo Agua Keys Wildlife Management Area,WMA,Idle Speed,8875,0.336677969,0.697540581,0.360862613,0.568276084,0.05043041,201.7380098,0.571288288,0.628624701,0.516440213,0.304040998,0.926483989,0.622442991,0.651252682,0.105045951,231.1947021,0.618956506,0.806674814,0.538477004,0.214171857,0.585036993,0.370865136,0.512958351,0.058120731,182.1002146,0.53371489,0.563586497,0.438191777
59,Cayo Agua Keys Wildlife Management Area,WMA,Idle Speed,22550,0.25942561,0.722672582,0.463246971,0.56204352,0.069743161,506.9632553,0.569996953,0.650909466,0.470086092,0.244421497,0.999163985,0.754742488,0.698087793,0.154674037,629.6751897,0.648110002,0.97800377,0.537251228,0.236262769,0.592576981,0.356314212,0.471347338,0.078284346,425.1552991,0.487412468,0.559434265,0.352628642
60,Boca Grande Key Wildlife Management Area,WMA,No Entry,72750,0.181336537,0.708212376,0.526875839,0.477229166,0.108712085,1388.736872,0.488856182,0.612627214,0.319527549,0.327760994,0.999168038,0.671407044,0.818231809,0.15359606,2381.054565,0.856530994,0.980337507,0.581873417,0.077998102,0.514395356,0.436397254,0.24989407,0.088264715,727.1917442,0.241770111,0.372622812,0.1397232
61,Big Mullet Key Wildlife Management Area,WMA,No Motor,122675,0.104368299,0.717439771,0.613071471,0.403882111,0.131677889,1981.849519,0.390172213,0.585257626,0.238982493,0.164084002,0.990902483,0.826818481,0.625897698,0.183459974,3071.280002,0.634378016,0.861146402,0.371340418,0.064557835,0.57981199,0.515254155,0.25587172,0.110309314,1255.562532,0.230798379,0.417254025,0.126322046
62,Bay Keys Wildlife Management Area,WMA,No Motor,93350,0.15039137,0.743336976,0.592945606,0.463258384,0.150252541,1729.806805,0.483992234,0.652416706,0.249449155,0.137974501,0.997722507,0.859748006,0.689408092,0.219610209,2574.249815,0.730853736,0.955575275,0.338458446,0.077682935,0.589398682,0.511715747,0.312491911,0.142640336,1166.844796,0.307295144,0.510190952,0.125139169
63,Bay Keys Wildlife Management Area,WMA,Idle Speed,33075,0.077527739,0.736874819,0.65934708,0.476418816,0.149709561,630.3020938,0.489116013,0.661658299,0.246220937,0.109761499,0.977221489,0.86745999,0.689186233,0.200330574,911.7933869,0.702392995,0.939080572,0.397893703,0.056038566,0.581879675,0.525841109,0.33457387,0.128086557,442.6412306,0.347181678,0.495632285,0.138975447
64,Dove Key Wildlife Management Area,WMA,No Motor,316325,0.082501397,0.742209613,0.659708217,0.310908956,0.136340722,3933.931015,0.297180921,0.489369959,0.149622113,0.131330147,0.985943019,0.854612872,0.516414753,0.192439036,6534.195867,0.518117011,0.766651893,0.270659792,0.049813431,0.600896358,0.551082928,0.173905091,0.10579685,2200.421116,0.124755569,0.311614662,0.068123807
66,Biscayne Bay Aquatic Preserve,AP,,61982525,0.021135652,0.738605022,0.71746937,0.096324406,0.089053263,238817.197,0.058947839,0.199078739,0.044800431,0.042830952,1,0.957169048,0.194984523,0.174629326,483425.3229,0.117920503,0.422421515,0.092216045,0.00593236,0.584408641,0.578476281,0.030550995,0.038441233,75745.11312,0.0194894,0.0618423,0.012264853
67,Lignumvitae Key Aquatic Preserve,AP,,25367750,0.05407688,0.974474013,0.920397133,0.23851334,0.140026452,242021.8716,0.198575169,0.437421492,0.10514531,0.060158599,1,0.939841401,0.334286107,0.184887114,339203.4553,0.279642999,0.6081927,0.1486205,0.037151534,0.978031337,0.940879803,0.17466483,0.131569697,177234.1492,0.115121298,0.337228104,0.073497396
68,Coupon Bight Aquatic Preserve,AP,,20985975,0.05325976,0.992954791,0.93969503,0.383834362,0.160451674,322205.5331,0.382661998,0.597025335,0.161558098,0.055840351,1,0.944159649,0.501566232,0.228373054,421034.2559,0.467522025,0.848284578,0.21602239,0.045150209,0.994916022,0.949765813,0.305346449,0.153993459,256319.7179,0.293855369,0.513252079,0.097825459
71,Western Sambo Ecological Reserve,ER,,16813100,0.046782799,0.991942406,0.945159607,0.32943826,0.234431382,221555.1362,0.2352219,0.722484291,0.116149319,0.035296999,0.99990797,0.964610972,0.382444058,0.24000708,257202.8073,0.303314984,0.775180393,0.138707651,0.046929833,0.999488354,0.952558521,0.294101061,0.24561206,197790.0221,0.178044327,0.748675954,0.098006368
72,Area To Be Avoided,ATBA,Tankers and Vessels Greater than 50 m Prohibited,557885125,0.031302784,0.995188415,0.963885631,0.320166163,0.257231294,7144637.6,0.195108801,0.770922422,0.096881524,0.0181497,0.992833972,0.974684272,0.319788119,0.230908048,7136201.391,0.226938993,0.7137205,0.100434303,0.035917468,0.999730349,0.96381288,0.320418193,0.27920262,7150261.74,0.170131668,0.81457752,0.092055403
74,Area To Be Avoided,ATBA,Tankers and Vessels Greater than 50 m Prohibited,569688850,0.035020702,0.991699576,0.956678875,0.287526827,0.186830204,6552033.099,0.228620708,0.576708615,0.102954641,0.027609149,1,0.972390851,0.347905144,0.19738448,7927907.257,0.302976012,0.651089013,0.131163999,0.033199299,0.999091327,0.965892028,0.247274616,0.194276031,5634783.66,0.161419094,0.552895308,0.081047366
75,Area To Be Avoided,ATBA,Tankers and Vessels Greater than 50 m Prohibited,35009900,0.04858176,0.989973783,0.941392023,0.397574953,0.26413456,556762.3739,0.290390998,0.834453613,0.141696714,0.034843098,0.987862468,0.953019369,0.410064338,0.238516633,574252.4586,0.332084507,0.796374768,0.159068502,0.051995564,0.999340653,0.947345089,0.389248696,0.284784703,545102.3174,0.259033844,0.871550322,0.127405345
76,Looe Key Existing Management Area,EMA,,13104550,0.05733832,0.992162228,0.934823908,0.309826894,0.249018239,162405.6811,0.191318832,0.781216162,0.10772272,0.041036699,0.986073971,0.945037272,0.319890158,0.226959082,167680.663,0.232442498,0.729742408,0.114123283,0.060683534,0.998112679,0.937429145,0.303118052,0.266808092,158889.0265,0.164655164,0.817717367,0.101041134
77,Key Largo Existing Management Area,EMA,,173924500,0.033897061,0.978941023,0.945043962,0.26679432,0.242205503,1856082.748,0.143561155,0.716672421,0.08367072,0.018280149,0.961408019,0.943127871,0.24760551,0.209697306,1722586.582,0.154752493,0.62293303,0.075149655,0.041014999,0.997997642,0.956982642,0.27958686,0.266458278,1945080.192,0.136006452,0.779702699,0.086384092
78,Great White Heron National Wildlife Refuge,EMA,,705727100,0.03294488,0.971431792,0.938486911,0.215059037,0.143020571,6070919.612,0.173990995,0.409681171,0.07801003,0.02107925,1,0.97892075,0.284689672,0.195906203,8036528.656,0.232477747,0.567710519,0.091513016,0.027799267,0.971427023,0.943627756,0.168638613,0.12659843,4760513.582,0.11285913,0.335510343,0.064233601
79,Key West National Wildlife Refuge,EMA,,588852250,0.035020702,0.991699576,0.956678875,0.292917919,0.191301351,6899415.016,0.233045816,0.586822212,0.106092401,0.027609149,1,0.972390851,0.350860354,0.199110369,8264196.353,0.304719985,0.658620477,0.133616507,0.033199299,0.999476016,0.966276716,0.254289628,0.200673546,5989560.791,0.167861834,0.56654197,0.084027633
80,John Pennekamp State Park,SP,,249749275,0.019848876,0.982226431,0.962377556,0.14735352,0.117432055,1472057.396,0.099312641,0.279851198,0.071748383,0.0280491,0.999999523,0.971950423,0.1851347,0.167436923,1849490.289,0.1134445,0.372924507,0.082085654,0.007985556,0.997957647,0.98997209,0.122166067,0.10510403,1220435.467,0.091325231,0.234226003,0.053443931
81,Eastern Dry Rocks,M:IR,,205800,0.420157194,0.983039796,0.562882602,0.900079642,0.067161988,7409.455613,0.916851699,0.967430484,0.810250062,0.301050484,0.981821001,0.680770516,0.860608512,0.094184711,7084.52927,0.895478785,0.950124729,0.717135578,0.499561667,0.994423985,0.494862318,0.926393728,0.053393019,7626.073173,0.933998674,0.981515884,0.869967538
82,Newfound Harbor,M:IR,,109525,0.138363779,0.992954791,0.854591012,0.725501819,0.202593758,3178.423468,0.758629203,0.973737836,0.442652196,0.150449008,0.99270153,0.842252523,0.711249597,0.201670276,3115.984484,0.721913993,0.980257034,0.434906006,0.130306974,0.995555639,0.865248665,0.735003301,0.207237245,3220.04946,0.778042018,0.972692668,0.442772686
83,Looe,M:IR,,305225,0.125269726,0.964245617,0.838975891,0.786071756,0.232884667,9597.150067,0.891023219,0.950730371,0.316254491,0.120798007,0.929388523,0.808590516,0.756252498,0.210905024,9233.086748,0.847154975,0.916247904,0.36095202,0.127645299,0.994210005,0.866564706,0.805951261,0.249745474,9839.858947,0.921320319,0.975502741,0.28847999
84,Carysfort North,M:IR,,459375,0.061190039,0.958759606,0.897569567,0.701502492,0.249636971,12890.1083,0.817949176,0.864882565,0.202581847,0.040869199,0.925865531,0.884996332,0.641324126,0.227692659,11784.33082,0.750423014,0.792317307,0.1972408,0.065137096,0.984086692,0.918949597,0.741621403,0.265753204,13627.29329,0.864392638,0.916584873,0.204047066
85,Carysfort South,M:IR,,346875,0.067068577,0.956409812,0.889341235,0.766313556,0.178647825,10632.60059,0.829796791,0.876082504,0.406524676,0.061870798,0.934594035,0.872723237,0.704269926,0.160967112,9771.745227,0.762499988,0.816643715,0.4204813,0.070150137,0.985001028,0.914850891,0.807675976,0.194077996,11206.50416,0.876815319,0.923580074,0.401214063
86,Horseshoe,M:IR,,53875,0.081090398,0.968652606,0.887562208,0.839182243,0.168587074,1808.437733,0.914503574,0.946809912,0.661979926,0.063458502,0.935551524,0.872093022,0.786080841,0.171401827,1694.004212,0.861393452,0.91273489,0.578194082,0.092845,0.992530644,0.899685644,0.874583177,0.168819358,1884.726746,0.947215021,0.973156679,0.718358684
87,Cheeca,M:IR,,164150,0.092104644,0.992677212,0.900572568,0.787932032,0.229975931,5173.561724,0.900690019,0.978305995,0.456694707,0.110208005,0.987705469,0.877497464,0.796941161,0.221045577,5232.715661,0.914698243,0.980529755,0.450307503,0.079202063,0.997384369,0.918182306,0.781925946,0.23975949,5134.125764,0.889374673,0.979742676,0.399458826
88,Sombrero,M:IR,,94975,0.3343018,0.959928632,0.625626832,0.824806101,0.132470246,3133.438378,0.868224382,0.946156883,0.612550461,0.237096012,0.921589017,0.684493005,0.785893034,0.138208721,2985.607637,0.82287699,0.912098098,0.574192011,0.391855329,0.992027998,0.600172669,0.850748146,0.130168989,3231.992207,0.898661017,0.96989218,0.640353918
89,Inside any Zone,IN,,2339060750,0.019848876,0.995188415,0.975339539,0.253333406,0.198516099,23702489.08,0.181980416,0.565998316,0.081254639,0.0181497,1,0.9818503,0.299627568,0.210266713,28033883.39,0.235121503,0.635465503,0.094353899,0.00593236,0.999730349,0.993797989,0.222470631,0.207578581,20814892.87,0.13361913,0.54723767,0.067377165
90,Outside all Zones,OUT,,2800663075,0.00788046,0.996903777,0.989023317,0.189358106,0.150284895,21213130.25,0.137011379,0.382605851,0.053400639,0.0154108,1,0.9845892,0.244231558,0.185459763,27360412.3,0.188547,0.490934998,0.082614698,0.000960398,0.999891341,0.998930942,0.152775805,0.142903119,17114942.21,0.102832936,0.334373653,0.017595701
